CLAIM_ID,BATCH_ID,CLAIM_DATE,FAILURE_TYPE,REPAIR_COST,CUSTOMER_SENTIMENT_SCORE,DAYS_IN_FIELD
CLM-6A72B36F,BCH-2026079,2026-09-20,Electrical,2953.92,-0.13,476
CLM-2389D2D7,BCH-2026040,2026-05-02,Electrical,4919.97,-0.15,241
CLM-F0433243,BCH-2026023,2026-11-16,Sensor,1826.43,0.51,493
CLM-2E38828F,BCH-2026067,2026-10-29,Sensor,1990.64,0.26,577
CLM-E7F3FBC0,BCH-2026074,2026-12-08,Mechanical,4678.63,0.64,586
CLM-67F7788A,BCH-2026069,2027-04-06,Mechanical,2619.4,0.65,606
CLM-D7AA80C8,BCH-2026078,2026-11-28,Structural,4581.31,0.65,468
CLM-0113A98C,BCH-2026086,2025-11-29,Structural,6895.4,-0.48,71
CLM-E2637B1C,BCH-2026096,2026-07-18,Software,2248.89,0.42,449
CLM-4E45B355,BCH-2026044,2026-05-25,Mechanical,1138.35,0.15,372
CLM-63AB4F71,BCH-2026050,2027-06-04,Structural,1337.21,-0.15,683
CLM-CE6E5CF7,BCH-2026042,2025-11-10,Electrical,2748.26,-0.94,155
CLM-1E763974,BCH-2026045,2025-10-24,Sensor,1586.0,0.73,37
CLM-3BF50F83,BCH-2026066,2025-03-21,Software,11072.52,-0.51,16
CLM-AA4B6E30,BCH-2026018,2026-06-05,Sensor,4481.56,-0.09,339
CLM-7E39CA1C,BCH-2026027,2026-04-29,Structural,12429.74,-0.9,134
CLM-10541BC0,BCH-2026054,2025-11-08,Sensor,1055.78,0.52,156
CLM-585C7754,BCH-2026044,2026-05-03,Structural,1719.69,0.54,350
CLM-E67FBC7C,BCH-2026026,2025-12-11,Structural,11596.02,-0.94,35
CLM-CA5AF2E5,BCH-2026071,2027-03-03,Mechanical,2562.57,0.55,495
CLM-033E325B,BCH-2026085,2027-02-14,Electrical,2991.91,0.57,662
CLM-6C3F6545,BCH-2026005,2026-01-21,Structural,1169.9,-0.18,385
CLM-9E096F58,BCH-2026061,2025-08-29,Mechanical,3181.15,-0.69,166
CLM-CB8CE8C5,BCH-2026074,2027-02-04,Sensor,4429.93,0.79,644
CLM-6E3BAC3D,BCH-2026000,2025-05-07,Software,8117.77,-0.94,120
CLM-051517A9,BCH-2026033,2026-02-25,Structural,4967.97,0.17,164
CLM-9F4D9CE0,BCH-2026089,2025-10-06,Structural,8957.76,-0.92,135
CLM-6DFDD20D,BCH-2026046,2026-09-21,Sensor,4391.01,0.05,393
CLM-89B6240B,BCH-2026024,2027-06-17,Structural,4595.99,-0.1,705
CLM-7DCDE8F1,BCH-2026025,2025-10-05,Electrical,8665.92,-0.58,122
CLM-F496C161,BCH-2026015,2026-02-14,Sensor,4103.37,-0.88,101
CLM-F590AED9,BCH-2026007,2026-06-14,Structural,3958.86,0.58,512
CLM-1F86CED0,BCH-2026075,2025-06-29,Electrical,1439.35,0.67,36
CLM-1169369A,BCH-2026020,2027-05-11,Electrical,1082.62,-0.01,591
CLM-C086958A,BCH-2026015,2026-05-01,Mechanical,8527.35,-0.92,177
CLM-E9254EC8,BCH-2026053,2027-03-16,Mechanical,1772.5,0.1,624
CLM-DFD46ECF,BCH-2026082,2026-03-02,Mechanical,2814.07,-0.2,106
CLM-08E1045C,BCH-2026008,2026-05-08,Software,4656.69,0.02,474
CLM-60A41E4B,BCH-2026037,2026-04-21,Software,3006.96,0.39,450
CLM-282C5797,BCH-2026025,2025-06-24,Mechanical,11571.14,-0.71,19
CLM-14C63F64,BCH-2026082,2027-08-08,Mechanical,4363.37,-0.15,630
CLM-18BDCC7C,BCH-2026048,2026-07-24,Electrical,2180.63,0.14,434
CLM-E7492E4F,BCH-2026083,2026-09-06,Electrical,3346.56,-0.16,535
CLM-194EAEAB,BCH-2026029,2026-09-28,Software,1763.13,0.51,587
CLM-AE59907D,BCH-2026015,2026-02-14,Sensor,4675.03,-0.49,101
CLM-279AD734,BCH-2026043,2025-08-02,Structural,9115.14,-0.98,120
CLM-C34ADC37,BCH-2026083,2025-11-16,Mechanical,4472.26,-0.3,241
CLM-42871F87,BCH-2026050,2026-11-07,Software,3566.09,0.56,474
CLM-C617A714,BCH-2026014,2026-05-20,Electrical,11962.72,-0.44,140
CLM-349C4468,BCH-2026037,2025-10-20,Mechanical,1113.99,0.55,267
CLM-CE7967A7,BCH-2026090,2025-06-23,Software,2397.97,0.17,128
CLM-C358FD4F,BCH-2026056,2026-12-14,Mechanical,3451.09,-0.12,394
CLM-6000280B,BCH-2026039,2025-10-11,Software,6640.93,-0.76,170
CLM-BC1DAB05,BCH-2026032,2026-03-28,Structural,3605.41,0.43,432
CLM-70DC6A85,BCH-2026094,2026-01-17,Mechanical,2690.55,0.64,61
CLM-1432592F,BCH-2026010,2026-01-11,Software,4847.81,-0.19,303
CLM-186FEB9E,BCH-2026059,2026-01-12,Sensor,4375.21,0.36,297
CLM-AF6AD09A,BCH-2026037,2025-11-18,Structural,1611.8,0.36,296
CLM-5F25F96C,BCH-2026079,2026-10-04,Structural,2757.44,0.65,490
CLM-0C51A07F,BCH-2026055,2027-05-04,Electrical,3623.44,-0.25,603
CLM-007C3AD2,BCH-2026007,2025-02-19,Electrical,2225.57,0.69,32
CLM-9143C7F4,BCH-2026074,2026-12-19,Electrical,3997.8,0.37,597
CLM-7A51F35C,BCH-2026083,2026-02-05,Sensor,3742.59,0.75,322
CLM-DD590834,BCH-2026009,2026-06-27,Electrical,1872.48,-0.21,340
CLM-F12878F1,BCH-2026095,2025-03-18,Mechanical,2764.14,-0.56,45
CLM-3B04C613,BCH-2026074,2026-06-21,Structural,3203.67,0.54,416
CLM-B9E5865D,BCH-2026012,2027-01-22,Mechanical,1795.88,0.72,687
CLM-E0263185,BCH-2026062,2026-01-24,Electrical,10494.75,-0.77,142
CLM-46BD1FDF,BCH-2026093,2025-09-22,Structural,10040.13,-0.82,124
CLM-8EE80A1A,BCH-2026031,2027-09-18,Software,942.12,-0.04,706
CLM-9383BDAD,BCH-2026092,2027-03-07,Sensor,4214.43,0.47,447
CLM-C322C169,BCH-2026044,2026-10-07,Mechanical,3151.24,0.61,507
CLM-0A0C0823,BCH-2026030,2026-01-16,Software,7897.19,-0.89,141
CLM-B68E1295,BCH-2026002,2025-08-14,Mechanical,4461.2,0.7,153
CLM-5B981B7A,BCH-2026007,2026-01-13,Structural,884.96,0.39,360
CLM-908B7F77,BCH-2026028,2027-06-01,Electrical,1193.85,0.23,583
CLM-E3C9758B,BCH-2026076,2025-12-03,Sensor,2409.56,0.62,35
CLM-F0995E1D,BCH-2026039,2025-09-16,Sensor,10220.35,-0.47,145
CLM-60C21C83,BCH-2026088,2027-02-02,Sensor,1353.87,-0.18,451
CLM-91130FF6,BCH-2026051,2026-10-19,Electrical,1967.42,0.55,627
CLM-E766BAC6,BCH-2026057,2025-09-30,Structural,1691.73,0.01,265
CLM-83D21A04,BCH-2026089,2025-08-25,Sensor,11926.77,-0.81,93
CLM-E6261BAB,BCH-2026097,2026-12-09,Mechanical,3056.56,0.35,459
CLM-E8ACBBCF,BCH-2026059,2026-12-13,Mechanical,2493.42,0.43,632
CLM-B626CC28,BCH-2026035,2027-01-18,Electrical,3677.08,0.73,521
CLM-680FA21D,BCH-2026045,2026-02-22,Structural,2958.46,0.02,158
CLM-0C6F5279,BCH-2026086,2026-03-18,Mechanical,10988.5,-0.94,180
CLM-463B56A1,BCH-2026045,2025-11-11,Electrical,4313.32,0.13,55
CLM-09C5D6EA,BCH-2026098,2026-10-11,Electrical,4971.17,0.7,490
CLM-12BD68F8,BCH-2026017,2026-07-11,Mechanical,1076.2,0.12,277
CLM-8C107ED7,BCH-2026001,2027-02-01,Structural,2865.72,0.66,690
CLM-3C51759C,BCH-2026071,2026-08-20,Electrical,2590.42,-0.08,300
CLM-0C5E457C,BCH-2026055,2026-01-20,Sensor,1780.19,0.75,134
CLM-2F6CE783,BCH-2026021,2026-09-23,Sensor,3535.01,0.4,343
CLM-C57D7E09,BCH-2026065,2026-12-03,Structural,3780.52,0.56,504
CLM-ACCAD5B0,BCH-2026073,2027-11-13,Electrical,2049.19,0.71,693
CLM-B5E6CF5C,BCH-2026040,2026-08-16,Electrical,3831.96,0.32,347
CLM-47CC2512,BCH-2026020,2027-07-18,Software,1660.4,-0.3,659
CLM-FF8C243C,BCH-2026067,2027-01-27,Software,3894.75,0.2,667
CLM-F459D294,BCH-2026048,2026-12-14,Mechanical,3870.58,0.37,577
CLM-6F0C5653,BCH-2026065,2025-10-27,Structural,1355.9,-0.04,102
CLM-42950625,BCH-2026015,2026-03-12,Structural,11486.4,-0.61,127
CLM-801F5D27,BCH-2026032,2026-05-21,Software,4757.46,0.4,486
CLM-98D8B031,BCH-2026085,2025-11-09,Electrical,3815.81,-0.03,200
CLM-94587169,BCH-2026025,2025-07-16,Mechanical,6216.75,-0.8,41
CLM-3FC2900B,BCH-2026029,2027-01-24,Electrical,3687.43,0.29,705
CLM-666708F8,BCH-2026082,2026-01-05,Mechanical,1204.64,0.3,50
CLM-9F390A71,BCH-2026038,2026-03-01,Structural,996.88,0.79,87
CLM-13AB960B,BCH-2026036,2025-06-23,Mechanical,4821.8,0.54,123
CLM-5C78ACEF,BCH-2026030,2025-12-29,Structural,3908.99,-0.62,123
CLM-48F334B7,BCH-2026063,2026-04-21,Structural,1270.68,0.2,464
CLM-246BA566,BCH-2026038,2026-10-07,Software,4292.62,0.24,307
CLM-B2748E56,BCH-2026092,2026-09-18,Software,4377.21,0.45,277
CLM-83BD1D36,BCH-2026031,2025-12-06,Structural,2164.6,0.31,55
CLM-C1F06371,BCH-2026046,2027-01-02,Software,4936.6,0.03,496
CLM-D594E60F,BCH-2026095,2025-04-17,Software,6996.23,-0.48,75
CLM-4BE44264,BCH-2026091,2026-10-22,Software,3238.29,0.43,355
CLM-40A55A18,BCH-2026016,2025-11-18,Structural,4598.18,0.72,101
CLM-9C43C46D,BCH-2026017,2026-08-11,Sensor,3765.84,0.32,308
CLM-4926B6D5,BCH-2026090,2026-11-03,Structural,1177.08,0.33,626
CLM-7930C9B9,BCH-2026047,2025-06-01,Software,4424.34,0.46,42
CLM-0C10D20F,BCH-2026060,2027-04-22,Electrical,1544.6,-0.28,686
CLM-330C55A7,BCH-2026018,2025-09-24,Structural,2538.34,0.73,85
CLM-5EC16EB5,BCH-2026011,2025-07-13,Mechanical,4613.74,-0.28,36
CLM-BCC77D22,BCH-2026031,2026-12-08,Mechanical,3543.78,0.13,422
CLM-2CC99A35,BCH-2026006,2027-06-22,Software,3980.46,0.09,695
CLM-0AD44BF3,BCH-2026066,2025-07-23,Electrical,8460.32,-0.94,140
CLM-0F2BEC40,BCH-2026076,2027-09-27,Structural,2291.71,0.48,698
CLM-7F717EAF,BCH-2026098,2026-07-07,Sensor,2441.85,0.03,394
CLM-A1974006,BCH-2026039,2025-05-15,Mechanical,2126.18,-0.67,21
CLM-A6973D79,BCH-2026093,2025-07-18,Mechanical,3779.68,-0.87,58
CLM-0BA191AA,BCH-2026030,2025-09-24,Software,9963.7,-0.47,27
CLM-0C63A545,BCH-2026091,2026-07-30,Sensor,3411.16,0.05,271
CLM-495FC039,BCH-2026064,2026-05-05,Electrical,2768.11,0.53,463
CLM-73605092,BCH-2026093,2025-07-09,Electrical,9261.96,-0.73,49
CLM-30FDD53C,BCH-2026050,2025-11-01,Mechanical,4532.04,-0.26,103
CLM-C0B0612F,BCH-2026005,2026-11-15,Electrical,2876.27,0.76,683
CLM-6CF8B688,BCH-2026082,2027-09-17,Sensor,4070.55,0.47,670
CLM-1A96F8C8,BCH-2026050,2026-07-09,Electrical,2458.86,0.13,353
CLM-2682B923,BCH-2026038,2027-11-23,Structural,2804.17,-0.12,719
CLM-1380D673,BCH-2026078,2027-05-27,Electrical,3995.03,-0.09,648
CLM-58F04003,BCH-2026090,2025-12-11,Software,3046.56,0.77,299
CLM-CF62795C,BCH-2026032,2025-07-29,Software,1518.66,0.2,190
CLM-AE014BFB,BCH-2026092,2027-06-17,Structural,4439.18,0.62,549
CLM-D2F0DFE8,BCH-2026041,2026-03-03,Electrical,1142.86,0.72,135
CLM-A269A92F,BCH-2026071,2027-04-11,Structural,4524.89,-0.18,534
CLM-91751A66,BCH-2026076,2026-05-19,Software,4355.05,0.45,202
CLM-547D1241,BCH-2026073,2027-04-01,Structural,4100.05,0.62,467
CLM-C042D545,BCH-2026032,2025-11-08,Structural,2244.32,-0.18,292
CLM-8BDBBA57,BCH-2026003,2025-09-17,Mechanical,5706.94,-0.52,10
CLM-4C841907,BCH-2026062,2025-09-15,Mechanical,11210.74,-0.44,11
CLM-14A9105F,BCH-2026074,2027-03-15,Software,2288.24,0.71,683
CLM-22B85E4F,BCH-2026025,2025-11-09,Structural,3972.71,-0.71,157
CLM-86818766,BCH-2026082,2026-06-14,Mechanical,2639.86,-0.03,210
CLM-B96C36C9,BCH-2026002,2026-01-31,Mechanical,1536.49,-0.09,323
CLM-8FE5AA2E,BCH-2026079,2025-08-24,Sensor,4320.53,-0.16,84
CLM-444AA1CF,BCH-2026000,2025-04-22,Software,11140.02,-1.0,105
CLM-9A17C6D9,BCH-2026050,2026-11-27,Mechanical,1380.45,0.58,494
CLM-75959402,BCH-2026046,2025-11-14,Electrical,2585.15,-0.02,82
CLM-430A24B6,BCH-2026010,2026-12-10,Mechanical,3173.92,0.49,636
CLM-88035E8E,BCH-2026046,2026-12-18,Electrical,4893.32,0.64,481
CLM-3A17FBF8,BCH-2026046,2026-06-15,Sensor,4615.74,-0.2,295
CLM-27C6C215,BCH-2026011,2027-03-15,Mechanical,2560.11,0.79,646
CLM-09E536D2,BCH-2026028,2027-08-23,Sensor,1007.4,-0.14,666
CLM-C6F0E9AE,BCH-2026093,2025-10-09,Sensor,6434.32,-0.83,141
CLM-4015B744,BCH-2026033,2025-10-19,Sensor,3257.01,0.07,35
CLM-A1D001B2,BCH-2026089,2025-10-15,Sensor,2349.41,-0.82,144
CLM-46FA65FE,BCH-2026017,2026-06-01,Structural,2890.83,-0.18,237
CLM-ABEABE23,BCH-2026021,2026-10-15,Sensor,1185.66,0.05,365
CLM-8E8AE407,BCH-2026081,2025-11-03,Structural,1247.39,0.64,98
CLM-7B9E0283,BCH-2026081,2026-02-25,Mechanical,4871.71,0.14,212
CLM-EC2653AA,BCH-2026013,2026-05-09,Software,4823.58,-0.15,291
CLM-2EAF6F99,BCH-2026096,2026-11-03,Structural,4923.38,0.03,557
CLM-C430AD7A,BCH-2026036,2025-10-18,Structural,868.6,0.58,240
CLM-A4F2B674,BCH-2026036,2025-08-11,Sensor,4704.0,0.12,172
CLM-BE801DF6,BCH-2026025,2025-11-24,Structural,7982.12,-0.53,172
CLM-AD4A78E3,BCH-2026061,2025-07-06,Structural,11927.65,-0.56,112
CLM-CE3AACF2,BCH-2026087,2025-05-05,Software,11019.19,-0.95,94
CLM-85362A75,BCH-2026078,2027-07-20,Sensor,4615.5,0.35,702
CLM-1EB3C4AA,BCH-2026025,2025-06-17,Electrical,3064.48,-0.56,12
CLM-526AA427,BCH-2026062,2026-02-02,Sensor,7217.05,-0.45,151
CLM-BB14A8E7,BCH-2026015,2025-11-17,Mechanical,6701.04,-0.5,12
CLM-1ACD82A5,BCH-2026037,2026-06-10,Electrical,2824.59,-0.01,500
CLM-92AD2F62,BCH-2026030,2025-10-18,Electrical,4530.29,-0.81,51
CLM-3B3B6091,BCH-2026065,2026-01-05,Mechanical,4903.95,0.55,172
CLM-B0E003EC,BCH-2026080,2026-09-01,Software,1285.11,0.19,406
CLM-719B9D32,BCH-2026047,2026-08-02,Sensor,956.96,-0.23,469
CLM-E428FF2A,BCH-2026011,2026-09-08,Software,3408.13,0.72,458
CLM-82B1357D,BCH-2026078,2026-03-12,Electrical,2207.93,0.29,207
CLM-83C1ED5F,BCH-2026095,2025-06-23,Structural,3110.75,-0.81,142
CLM-99F8F950,BCH-2026030,2025-10-30,Sensor,10018.4,-0.64,63
CLM-C11FD5D4,BCH-2026048,2025-12-31,Electrical,1489.43,-0.18,229
CLM-64CCEEAC,BCH-2026095,2025-02-14,Mechanical,5224.4,-0.93,13
CLM-BEDECD6B,BCH-2026015,2026-01-07,Structural,4232.78,-0.79,63
CLM-B28599F1,BCH-2026070,2026-04-02,Mechanical,1202.73,0.6,300
CLM-E8E6B907,BCH-2026081,2026-10-04,Software,1628.31,-0.13,433
CLM-7FC3EEE1,BCH-2026093,2025-07-16,Electrical,5750.83,-0.45,56
CLM-26CD46A7,BCH-2026054,2026-05-18,Structural,4212.18,0.24,347
CLM-FEDCBDD7,BCH-2026081,2026-01-03,Structural,2746.65,-0.09,159
CLM-8A5831E3,BCH-2026034,2026-01-16,Sensor,2669.56,0.09,186
CLM-594BCD6C,BCH-2026064,2026-08-26,Software,3885.89,-0.22,576
CLM-62E39D45,BCH-2026030,2025-11-10,Software,4219.73,-0.93,74
CLM-454DD23A,BCH-2026064,2026-04-22,Electrical,2686.43,-0.14,450
CLM-1C87FEF0,BCH-2026028,2027-08-25,Structural,2340.56,0.78,668
CLM-34DFFB9C,BCH-2026020,2026-01-06,Sensor,1420.65,0.26,101
CLM-C75B80DB,BCH-2026048,2027-01-01,Mechanical,1478.01,0.1,595
CLM-23F1B750,BCH-2026000,2025-02-06,Sensor,5356.31,-0.61,30
CLM-373F3A28,BCH-2026008,2025-06-21,Software,3007.83,0.64,153
CLM-3DDBA3EC,BCH-2026036,2025-04-15,Software,1008.68,0.1,54
CLM-A5CCD37A,BCH-2026072,2025-12-24,Electrical,10440.64,-0.87,91
CLM-866BFD0E,BCH-2026018,2027-05-20,Software,1907.09,0.28,688
CLM-1214B8FE,BCH-2026039,2025-08-19,Mechanical,4783.17,-0.66,117
CLM-BAB4E0F4,BCH-2026035,2025-09-30,Sensor,4692.17,-0.05,46
CLM-2696F13F,BCH-2026028,2027-03-05,Electrical,2695.14,-0.08,495
CLM-BF5FC58C,BCH-2026071,2026-12-31,Software,4539.29,-0.01,433
CLM-E1323B63,BCH-2026085,2026-12-07,Sensor,3309.03,-0.01,593
CLM-5D8D0D40,BCH-2026074,2026-03-24,Sensor,835.55,0.28,327
CLM-B9E29E69,BCH-2026069,2026-04-25,Electrical,2422.56,-0.16,260
CLM-3FD75B88,BCH-2026060,2026-09-29,Mechanical,2565.06,-0.22,481
CLM-6C189F85,BCH-2026095,2025-05-08,Mechanical,5390.06,-0.54,96
CLM-9FDADA28,BCH-2026096,2027-03-26,Sensor,2167.31,-0.22,700
CLM-B9700C3E,BCH-2026020,2027-02-05,Software,4644.97,0.06,496
CLM-322840E7,BCH-2026066,2025-05-12,Software,10975.14,-0.5,68
CLM-2CCE378C,BCH-2026045,2027-03-27,Electrical,1793.92,0.72,556
CLM-65DF74F8,BCH-2026003,2025-09-26,Electrical,8462.03,-0.83,19
CLM-103DB2C9,BCH-2026098,2025-10-30,Sensor,3952.93,0.25,144
CLM-2E8AAE86,BCH-2026064,2025-11-07,Structural,2651.63,0.18,284
CLM-6618DF13,BCH-2026095,2025-07-17,Mechanical,12124.04,-0.61,166
CLM-A6871F20,BCH-2026068,2026-09-03,Mechanical,971.69,0.79,407
CLM-9D72B5A9,BCH-2026063,2025-08-06,Mechanical,1320.32,-0.22,206
CLM-1446AE43,BCH-2026075,2025-11-02,Sensor,2743.88,0.37,162
CLM-69B35A82,BCH-2026054,2027-04-11,Mechanical,4746.92,0.46,675
CLM-F8DDAC82,BCH-2026029,2025-05-13,Software,2124.7,0.47,84
CLM-1AA730CC,BCH-2026052,2026-02-25,Sensor,1772.83,0.39,319
CLM-516827E0,BCH-2026095,2025-03-12,Electrical,2380.02,-0.49,39
CLM-BAD7AFA6,BCH-2026088,2027-08-16,Sensor,2935.7,0.3,646
CLM-8C8B5DF1,BCH-2026079,2025-09-26,Mechanical,4974.83,0.04,117
CLM-FEF499A1,BCH-2026055,2027-08-13,Software,876.83,-0.14,704
CLM-FAD265A6,BCH-2026043,2025-05-02,Structural,9655.29,-0.9,28
CLM-C9514723,BCH-2026013,2026-01-08,Mechanical,4839.0,0.32,170
CLM-B70CF487,BCH-2026091,2027-05-07,Mechanical,4498.62,0.25,552
CLM-3767156F,BCH-2026067,2027-02-05,Software,4013.02,-0.27,676
CLM-5697F657,BCH-2026058,2025-06-04,Electrical,844.25,-0.23,62
CLM-2D29313D,BCH-2026076,2027-03-06,Software,3026.32,0.15,493
CLM-3425E70C,BCH-2026052,2025-09-25,Structural,2149.93,0.12,166
CLM-D28AAA18,BCH-2026001,2025-10-23,Mechanical,1571.8,0.41,224
CLM-1D590E4D,BCH-2026083,2026-04-04,Sensor,1080.04,0.51,380
CLM-78219EE1,BCH-2026025,2025-08-06,Electrical,9392.63,-0.47,62
CLM-73DE19A9,BCH-2026090,2025-04-15,Mechanical,4612.83,0.62,59
CLM-4D567EEE,BCH-2026048,2026-07-10,Electrical,4119.34,0.08,420
CLM-AB643F38,BCH-2026036,2025-04-28,Software,1551.87,0.8,67
CLM-94DDC0C3,BCH-2026078,2026-10-24,Software,2233.98,0.06,433
CLM-36E5F3B7,BCH-2026099,2025-10-11,Structural,6048.7,-0.7,132
CLM-78D3BF7A,BCH-2026096,2026-02-10,Mechanical,1880.34,0.16,291
CLM-BF666EE4,BCH-2026079,2026-01-14,Sensor,3456.47,0.07,227
CLM-F8C3246D,BCH-2026070,2026-03-27,Software,3740.68,-0.03,294
CLM-7D012A99,BCH-2026046,2025-10-12,Structural,3143.14,0.47,49
CLM-D8C6E038,BCH-2026021,2027-09-24,Electrical,821.4,0.51,709
CLM-60E2403B,BCH-2026052,2026-01-16,Mechanical,1962.55,-0.01,279
CLM-DC5055F7,BCH-2026076,2026-05-25,Sensor,1361.68,0.33,208
CLM-78F3980E,BCH-2026002,2025-10-08,Sensor,4573.1,-0.19,208
CLM-8A72D741,BCH-2026055,2026-07-24,Software,2211.98,0.64,319
CLM-C5654491,BCH-2026084,2025-12-08,Software,5321.38,-0.61,12
CLM-1DC6CE02,BCH-2026003,2025-11-24,Software,5208.97,-0.92,78
CLM-C08F71A1,BCH-2026087,2025-03-18,Sensor,2838.53,-0.54,46
CLM-29BF3FA0,BCH-2026032,2025-05-25,Sensor,4246.85,0.51,125
CLM-AF8C12F7,BCH-2026092,2026-09-23,Software,2064.51,-0.1,282
CLM-C794EF78,BCH-2026010,2026-04-13,Mechanical,2585.25,0.77,395
CLM-C8B86AC1,BCH-2026051,2026-05-02,Structural,2939.95,0.67,457
CLM-F5D37FA7,BCH-2026048,2025-06-26,Software,1645.72,0.49,41
CLM-D2B8A27E,BCH-2026032,2026-05-23,Structural,3173.5,0.22,488
CLM-94733478,BCH-2026007,2025-08-19,Electrical,3048.4,0.31,213
CLM-0962AA61,BCH-2026077,2025-04-15,Structural,4842.86,0.19,93
CLM-BA1BB8F3,BCH-2026066,2025-07-02,Structural,6669.4,-0.66,119
CLM-B474ED99,BCH-2026086,2025-10-14,Electrical,12467.4,-0.55,25
CLM-68D72317,BCH-2026063,2025-06-06,Electrical,1068.66,0.01,145
CLM-FB3F6EBA,BCH-2026051,2026-01-12,Sensor,869.53,0.17,347
CLM-5135FFB3,BCH-2026010,2026-07-02,Structural,2600.08,-0.0,475
CLM-237D1A52,BCH-2026044,2025-07-19,Sensor,4330.5,0.63,62
CLM-49CFE53C,BCH-2026043,2025-04-30,Electrical,5449.81,-0.71,26
CLM-7F8D2EBF,BCH-2026010,2025-12-26,Software,3430.62,-0.05,287
CLM-444F291D,BCH-2026090,2025-07-31,Electrical,4193.99,0.54,166
CLM-9744D9DD,BCH-2026027,2026-06-10,Structural,4990.2,-0.71,176
CLM-A8BA78C2,BCH-2026044,2025-10-09,Mechanical,1097.24,0.22,144
CLM-25A1C3A2,BCH-2026026,2026-04-21,Electrical,6630.26,-0.77,166
CLM-323E9AFD,BCH-2026093,2025-08-30,Sensor,5308.92,-0.41,101
CLM-FF6330D6,BCH-2026070,2026-03-29,Structural,4475.04,0.57,296
CLM-0840B049,BCH-2026038,2027-04-16,Structural,3065.22,0.03,498
CLM-1E217FA5,BCH-2026025,2025-10-02,Software,8676.45,-0.82,119
CLM-A48B7F77,BCH-2026029,2026-09-23,Sensor,3323.23,-0.26,582
CLM-FB22748A,BCH-2026071,2026-12-16,Structural,1924.44,0.2,418
CLM-4BB18A5A,BCH-2026099,2025-08-07,Structural,3755.15,-0.43,67
CLM-99ED4B9C,BCH-2026046,2025-11-13,Software,3468.63,0.33,81
CLM-97B962F5,BCH-2026028,2026-09-25,Sensor,1858.96,0.18,334
CLM-0389A472,BCH-2026036,2026-07-16,Mechanical,1758.43,0.4,511
CLM-DA2EC96B,BCH-2026054,2027-01-11,Software,1058.4,0.47,585
CLM-C8AE9582,BCH-2026043,2025-06-03,Structural,3530.29,-0.93,60
CLM-AB21BB42,BCH-2026053,2026-06-01,Software,2395.68,-0.01,336
CLM-9AB24E32,BCH-2026040,2027-07-01,Mechanical,1953.93,0.18,666
CLM-30047486,BCH-2026049,2026-01-30,Mechanical,2399.75,0.73,45
CLM-D52223A4,BCH-2026090,2025-04-24,Structural,2061.74,-0.02,68
CLM-3126586D,BCH-2026013,2025-09-16,Sensor,1021.39,0.6,56
CLM-91A16FA9,BCH-2026099,2025-09-24,Mechanical,7516.46,-0.71,115
CLM-3456351A,BCH-2026080,2027-02-15,Mechanical,4290.94,0.35,573
CLM-3CCDFD04,BCH-2026009,2027-05-23,Mechanical,2564.85,0.77,670
CLM-CC998AE8,BCH-2026073,2026-10-02,Electrical,1589.98,0.66,286
CLM-8DADAC48,BCH-2026076,2026-02-08,Sensor,1851.52,-0.13,102
CLM-D55206F5,BCH-2026053,2025-08-02,Sensor,4803.77,0.08,33
CLM-7617A02A,BCH-2026070,2027-02-06,Sensor,2838.76,-0.03,610
CLM-726AFBAD,BCH-2026029,2025-08-19,Mechanical,1325.68,0.77,182
CLM-7D5615D9,BCH-2026024,2026-09-22,Software,1174.88,0.78,437
CLM-C3A0AA1E,BCH-2026099,2025-06-27,Mechanical,5195.25,-0.5,26
CLM-B01111BE,BCH-2026098,2027-01-07,Sensor,1524.32,0.33,578
CLM-EAE679D5,BCH-2026050,2026-07-02,Software,4645.1,0.66,346
CLM-2A61726D,BCH-2026051,2026-12-21,Sensor,1379.92,0.21,690
CLM-5187E219,BCH-2026027,2026-03-30,Electrical,4537.19,-0.71,104
CLM-3B5C847E,BCH-2026088,2027-02-17,Software,1620.03,-0.03,466
CLM-03BBF674,BCH-2026079,2026-08-04,Software,3385.76,-0.17,429
CLM-1E664C86,BCH-2026049,2027-01-25,Mechanical,1997.75,0.55,405
CLM-D075C478,BCH-2026070,2025-09-25,Structural,1876.13,0.62,111
CLM-A4054819,BCH-2026053,2025-08-17,Software,1038.29,0.73,48
CLM-9017FB87,BCH-2026077,2025-12-21,Electrical,4984.07,-0.09,343
CLM-EAD3A415,BCH-2026046,2025-10-14,Electrical,4910.72,0.08,51
CLM-A9163AD6,BCH-2026027,2026-01-24,Mechanical,8218.56,-0.66,39
CLM-234D564D,BCH-2026035,2027-02-26,Software,4032.51,0.07,560
CLM-427F7C56,BCH-2026021,2027-05-01,Sensor,2132.81,0.55,563
CLM-1679FBD3,BCH-2026091,2027-08-17,Electrical,1219.63,0.55,654
CLM-17BBC6A4,BCH-2026018,2027-04-03,Sensor,4622.48,0.4,641
CLM-921A1D86,BCH-2026065,2026-11-19,Sensor,2206.43,-0.27,490
CLM-429A5DEB,BCH-2026025,2025-08-27,Software,8421.69,-0.96,83
CLM-99481CA6,BCH-2026056,2026-03-25,Structural,2692.77,0.03,130
CLM-DDEEE997,BCH-2026048,2027-04-30,Sensor,4304.1,0.48,714
CLM-03B46AB0,BCH-2026048,2027-03-23,Structural,1950.14,0.66,676
CLM-41ECF7B0,BCH-2026002,2026-10-13,Structural,1119.1,0.15,578
CLM-778C05A4,BCH-2026082,2027-06-15,Electrical,4729.31,0.1,576
CLM-20A70767,BCH-2026061,2025-09-05,Sensor,7415.87,-0.52,173
CLM-089FCB5C,BCH-2026069,2027-06-07,Mechanical,3448.8,0.73,668
CLM-9F20A031,BCH-2026069,2026-07-04,Mechanical,4614.94,0.61,330
CLM-18FA0A1F,BCH-2026067,2027-03-07,Sensor,3548.01,0.06,706
CLM-737E6EB0,BCH-2026049,2027-10-17,Software,2175.2,-0.02,670
CLM-CDECFD65,BCH-2026062,2026-01-11,Software,6753.43,-0.63,129
CLM-D1353ECE,BCH-2026011,2026-12-03,Electrical,2375.56,-0.04,544
CLM-945EE8E0,BCH-2026005,2025-11-11,Mechanical,1934.17,0.66,314
CLM-4A1B4355,BCH-2026005,2025-03-01,Software,2568.15,0.14,59
CLM-E4AB0CF1,BCH-2026048,2026-08-30,Software,1759.48,0.56,471
CLM-4573B550,BCH-2026035,2027-05-06,Sensor,2671.05,0.14,629
CLM-30910386,BCH-2026068,2025-09-10,Software,4615.01,0.7,49
CLM-8A6FAC50,BCH-2026047,2026-09-08,Electrical,2319.28,-0.04,506
CLM-71C42F9A,BCH-2026002,2027-01-15,Electrical,2936.46,0.28,672
CLM-BBC20CC3,BCH-2026019,2025-11-05,Mechanical,2689.48,0.44,81
CLM-E2C966E1,BCH-2026053,2027-05-02,Software,2772.54,0.41,671
CLM-66AE7366,BCH-2026088,2027-04-06,Software,1126.09,0.05,514
CLM-0486A82E,BCH-2026026,2026-01-16,Sensor,10698.69,-0.77,71
CLM-697857E1,BCH-2026072,2026-01-23,Electrical,2123.66,-0.62,121
CLM-2EFDB86F,BCH-2026013,2027-04-21,Structural,4558.26,0.15,638
CLM-30B949FB,BCH-2026020,2026-04-10,Structural,3181.12,0.34,195
CLM-70FCAEF4,BCH-2026002,2025-05-22,Software,2087.69,0.34,69
CLM-54BE0538,BCH-2026008,2025-09-27,Sensor,2351.78,-0.26,251
CLM-7C2A2EF1,BCH-2026043,2025-06-22,Mechanical,9781.26,-0.69,79
CLM-9158752C,BCH-2026014,2026-03-09,Electrical,5125.31,-0.88,68
CLM-1074D9EB,BCH-2026093,2025-07-27,Mechanical,6319.83,-0.46,67
CLM-B10AEC78,BCH-2026064,2026-07-21,Structural,1193.95,0.19,540
CLM-47A46D61,BCH-2026051,2025-03-23,Mechanical,4746.04,0.29,52
CLM-BF595F1E,BCH-2026026,2026-01-23,Sensor,12261.6,-0.93,78
CLM-B2E3AF24,BCH-2026046,2026-11-24,Mechanical,2196.13,0.06,457
CLM-71B6E68E,BCH-2026039,2025-06-13,Sensor,3214.22,-0.78,50
CLM-253C8CB8,BCH-2026012,2025-08-05,Structural,4566.0,-0.22,152
CLM-6193AA23,BCH-2026083,2026-12-11,Software,994.26,0.04,631
CLM-A9B50997,BCH-2026064,2026-05-18,Software,2967.93,0.1,476
CLM-D6A14D1D,BCH-2026063,2025-08-02,Mechanical,3963.57,0.17,202
CLM-25CAC0B2,BCH-2026092,2027-03-08,Structural,1452.31,0.25,448
CLM-50B8FC94,BCH-2026079,2027-03-01,Software,1837.38,0.17,638
CLM-AD9ECDB9,BCH-2026040,2027-01-23,Structural,3541.19,0.54,507
CLM-77F0DDB9,BCH-2026071,2025-12-04,Mechanical,2600.62,-0.11,41
CLM-C8ABCE11,BCH-2026047,2025-12-10,Electrical,1562.76,-0.05,234
CLM-0B0F93C2,BCH-2026037,2025-11-04,Software,1925.71,0.16,282
CLM-F2ABBE53,BCH-2026007,2026-08-22,Software,4438.89,0.73,581
CLM-CA78FEC1,BCH-2026007,2025-04-07,Mechanical,1946.0,-0.04,79
CLM-56C36589,BCH-2026044,2026-09-22,Mechanical,2617.19,0.74,492
CLM-86F5B2AD,BCH-2026002,2026-03-29,Mechanical,1422.38,0.79,380
CLM-EA07E6D4,BCH-2026003,2026-02-14,Mechanical,4332.49,-0.83,160
CLM-04BE893D,BCH-2026042,2025-07-30,Software,9133.11,-0.79,52
CLM-045974EE,BCH-2026063,2025-04-04,Electrical,4568.91,0.21,82
CLM-F7CFAED0,BCH-2026028,2027-09-08,Software,1110.71,0.02,682
CLM-AA347708,BCH-2026081,2025-11-27,Software,3970.2,0.02,122
CLM-71DA3027,BCH-2026012,2025-08-07,Software,3180.14,-0.17,154
CLM-4DC9B603,BCH-2026022,2026-07-14,Mechanical,2139.61,-0.16,440
CLM-A0D5CD12,BCH-2026048,2026-08-26,Electrical,2186.48,0.66,467
CLM-4980B54D,BCH-2026082,2026-10-12,Mechanical,3107.85,-0.12,330
CLM-4DB902C2,BCH-2026098,2026-02-11,Sensor,2608.81,-0.08,248
CLM-827C409F,BCH-2026095,2025-06-11,Structural,2878.05,-0.88,130
CLM-F222251F,BCH-2026028,2026-07-19,Structural,3959.75,0.61,266
CLM-0B4F6BE0,BCH-2026015,2026-02-01,Software,11124.47,-0.53,88
CLM-F6653698,BCH-2026005,2026-05-26,Structural,4282.13,0.71,510
CLM-F291616E,BCH-2026027,2026-02-07,Structural,11962.89,-0.6,53
CLM-9B492E00,BCH-2026052,2026-03-12,Structural,2160.78,-0.22,334
CLM-F80336D1,BCH-2026026,2026-02-23,Mechanical,10454.99,-0.79,109
CLM-7559728E,BCH-2026020,2026-04-10,Software,914.95,0.36,195
CLM-DF4FFBFF,BCH-2026009,2025-09-15,Sensor,3435.84,0.6,55
CLM-FF918313,BCH-2026041,2027-07-31,Software,1511.37,0.22,650
CLM-A8294335,BCH-2026049,2027-07-02,Electrical,2085.31,-0.1,563
CLM-17B68846,BCH-2026063,2025-07-11,Electrical,1047.42,0.44,180
CLM-DFBF85C5,BCH-2026063,2025-07-23,Electrical,1930.26,-0.21,192
CLM-96A3DD62,BCH-2026023,2025-11-06,Electrical,2411.07,0.07,118
CLM-96B5B0C6,BCH-2026097,2027-04-18,Structural,3423.9,0.59,589
CLM-151F35B0,BCH-2026000,2025-02-04,Sensor,4228.27,-0.71,28
CLM-1C6F614F,BCH-2026089,2025-10-05,Software,7110.84,-0.46,134
CLM-B8EC2098,BCH-2026084,2026-01-06,Electrical,4132.93,-0.42,41
CLM-1F838F56,BCH-2026001,2027-01-22,Sensor,4865.1,0.59,680
CLM-327DF31E,BCH-2026055,2026-10-19,Mechanical,2821.85,-0.2,406
CLM-A6D45EFF,BCH-2026011,2025-08-18,Software,2336.02,0.26,72
CLM-45FB6A23,BCH-2026063,2026-04-24,Mechanical,2653.81,0.34,467
CLM-BC26E886,BCH-2026030,2025-09-19,Electrical,6342.67,-0.93,22
CLM-2AC13133,BCH-2026051,2026-07-08,Sensor,3872.32,0.54,524
CLM-DC895BBD,BCH-2026016,2027-07-20,Software,3557.85,-0.12,710
CLM-A8D59CE6,BCH-2026080,2026-02-08,Software,4931.92,-0.01,201
CLM-4F11EE54,BCH-2026054,2026-09-08,Mechanical,4704.7,-0.26,460
CLM-77E4C5E6,BCH-2026003,2026-02-28,Software,4055.32,-0.78,174
CLM-3A406051,BCH-2026000,2025-03-22,Electrical,9050.59,-0.71,74
CLM-3FC13AAD,BCH-2026040,2026-11-17,Mechanical,3160.09,0.13,440
CLM-08E10E2D,BCH-2026052,2027-01-19,Mechanical,1943.48,0.7,647
CLM-FA724082,BCH-2026021,2026-05-19,Electrical,4707.51,-0.11,216
CLM-2A7A01D4,BCH-2026042,2025-10-14,Software,6377.96,-0.94,128
CLM-5ECB2525,BCH-2026050,2027-01-03,Electrical,3693.37,0.16,531
CLM-24320798,BCH-2026028,2026-12-14,Electrical,1077.86,0.16,414
CLM-207BB7EA,BCH-2026033,2026-07-05,Software,3065.35,0.65,294
CLM-29DABA12,BCH-2026054,2027-04-17,Sensor,3118.85,0.02,681
CLM-86908F4C,BCH-2026024,2026-07-19,Sensor,3091.63,0.35,372
CLM-A9BB78E7,BCH-2026057,2026-07-07,Sensor,3389.11,0.57,545
CLM-66BC6834,BCH-2026029,2026-05-14,Sensor,2042.04,0.08,450
CLM-638C172C,BCH-2026015,2026-02-16,Mechanical,10792.79,-0.67,103
CLM-40AE8B80,BCH-2026071,2026-08-29,Software,3101.8,0.31,309
CLM-C5CFC41E,BCH-2026012,2025-06-30,Sensor,2994.97,0.55,116
CLM-2552AC60,BCH-2026039,2025-09-09,Software,10313.4,-0.91,138
CLM-E46B284B,BCH-2026055,2027-03-15,Mechanical,1377.11,0.73,553
CLM-57217FD3,BCH-2026019,2025-10-10,Mechanical,4561.01,0.07,55
CLM-6ECD798F,BCH-2026066,2025-05-12,Electrical,4819.02,-0.81,68
CLM-0195C4F9,BCH-2026003,2026-02-28,Software,7493.89,-0.55,174
CLM-FF874D74,BCH-2026027,2025-12-28,Electrical,9034.15,-0.66,12
CLM-565410B4,BCH-2026078,2027-04-01,Structural,3748.92,-0.06,592
CLM-459E8C43,BCH-2026000,2025-05-19,Electrical,10739.9,-0.56,132
CLM-430FCE64,BCH-2026003,2025-10-10,Mechanical,11488.24,-0.65,33
CLM-5A0639AA,BCH-2026023,2025-12-11,Mechanical,3111.87,0.14,153
CLM-5A35B3B3,BCH-2026057,2025-12-29,Electrical,4174.17,0.42,355
CLM-1D2A2B30,BCH-2026046,2025-11-02,Software,4498.05,0.39,70
CLM-ECF5E8B1,BCH-2026033,2026-05-29,Electrical,4861.65,0.46,257
CLM-DAD3B7CA,BCH-2026001,2026-10-22,Mechanical,955.56,0.62,588
CLM-3077AC08,BCH-2026014,2026-06-26,Electrical,6671.48,-0.91,177
CLM-8B283540,BCH-2026080,2025-11-25,Mechanical,1358.64,0.16,126
CLM-E0C1586C,BCH-2026013,2025-09-08,Structural,1701.8,-0.1,48
CLM-16A2BDD0,BCH-2026021,2026-10-12,Software,1303.54,0.66,362
CLM-49AF9A9E,BCH-2026057,2026-03-09,Software,1979.95,-0.07,425
CLM-7343D7BA,BCH-2026006,2025-11-25,Software,1289.66,-0.28,121
CLM-AD028A2A,BCH-2026084,2026-02-02,Software,12243.2,-0.93,68
CLM-75E03BBD,BCH-2026018,2025-12-08,Sensor,2531.88,0.01,160
CLM-AD51C045,BCH-2026083,2025-06-22,Structural,4546.98,0.26,94
CLM-2AFA17F7,BCH-2026065,2026-08-08,Sensor,4902.13,0.53,387
CLM-B600F74A,BCH-2026041,2027-06-23,Software,1864.06,-0.2,612
CLM-37E802DF,BCH-2026030,2026-01-06,Sensor,5387.74,-0.8,131
CLM-7155B1EB,BCH-2026024,2025-09-04,Mechanical,1048.04,0.66,54
CLM-66CD9C21,BCH-2026025,2025-09-02,Sensor,9645.33,-0.53,89
CLM-44C1B20A,BCH-2026076,2026-07-30,Structural,1948.59,0.26,274
CLM-46181B38,BCH-2026013,2027-05-11,Electrical,914.71,-0.15,658
CLM-045C652E,BCH-2026049,2026-11-01,Sensor,1583.09,0.39,320
CLM-DD70F1ED,BCH-2026030,2025-11-01,Electrical,7430.43,-0.99,65
CLM-8D16A61B,BCH-2026036,2027-01-11,Electrical,2484.63,-0.1,690
CLM-32E0A85C,BCH-2026066,2025-04-21,Electrical,2679.35,-0.58,47
CLM-6DEE4206,BCH-2026015,2026-04-18,Structural,10986.75,-0.59,164
CLM-CE92F02C,BCH-2026031,2025-12-02,Mechanical,4385.81,-0.08,51
CLM-AAB943C7,BCH-2026014,2026-05-31,Mechanical,2238.91,-0.95,151
CLM-0481A348,BCH-2026088,2027-03-28,Structural,4674.27,0.21,505
CLM-DF28263E,BCH-2026005,2026-11-09,Mechanical,1664.83,0.64,677
CLM-50C94858,BCH-2026030,2025-10-01,Sensor,10490.63,-0.49,34
CLM-800F463F,BCH-2026099,2025-10-01,Electrical,11502.05,-0.92,122
CLM-E5D1B42F,BCH-2026064,2025-03-25,Structural,1802.15,0.26,57
CLM-52B8698E,BCH-2026033,2027-02-24,Electrical,4698.25,0.51,528
CLM-B948E975,BCH-2026026,2026-03-04,Mechanical,4227.98,-0.99,118
CLM-E6DAE148,BCH-2026033,2027-02-24,Software,2235.04,0.72,528
CLM-F766A363,BCH-2026045,2027-01-19,Sensor,2170.28,0.77,489
CLM-AB9CC506,BCH-2026064,2026-05-16,Software,1579.76,0.21,474
CLM-CCB849F6,BCH-2026066,2025-07-05,Electrical,8845.15,-0.69,122
CLM-54D8BA48,BCH-2026094,2026-01-14,Structural,2436.3,0.27,58
CLM-1D830E9D,BCH-2026090,2025-07-18,Structural,4289.22,0.72,153
CLM-FD55E1E0,BCH-2026045,2026-08-10,Sensor,1538.71,-0.26,327
CLM-B9B9FEAD,BCH-2026081,2026-01-15,Electrical,3218.47,0.39,171
CLM-47F2579A,BCH-2026001,2027-02-07,Structural,4908.9,0.43,696
CLM-00C39EBD,BCH-2026081,2027-05-27,Electrical,2777.22,0.49,668
CLM-741BB9A1,BCH-2026074,2025-08-17,Mechanical,3545.74,0.61,108
CLM-0D3AF41A,BCH-2026032,2025-09-10,Mechanical,4419.73,-0.05,233
CLM-3AE730EE,BCH-2026017,2026-06-17,Structural,1355.83,0.64,253
CLM-3F2C7AAD,BCH-2026001,2026-04-01,Sensor,3842.23,0.13,384
CLM-10348D52,BCH-2026014,2026-01-14,Software,8226.97,-0.42,14
CLM-D19EC3AC,BCH-2026066,2025-03-28,Software,10836.0,-0.93,23
CLM-B0FF401A,BCH-2026012,2025-11-23,Mechanical,1542.92,0.63,262
CLM-DAA712E9,BCH-2026082,2027-01-24,Software,2320.03,0.47,434
CLM-CCE460CE,BCH-2026063,2026-02-06,Sensor,4080.15,0.45,390
CLM-7EF3BA22,BCH-2026069,2026-03-16,Software,3099.77,0.62,220
CLM-712169C8,BCH-2026056,2026-10-04,Software,1930.81,0.29,323
CLM-E9EB03CE,BCH-2026033,2027-04-01,Software,4036.91,0.71,564
CLM-83B078ED,BCH-2026088,2026-06-17,Sensor,977.59,0.17,221
CLM-00A760BF,BCH-2026020,2027-01-04,Electrical,1889.04,-0.01,464
CLM-CC6C587F,BCH-2026040,2027-05-03,Sensor,3448.51,-0.15,607
CLM-F25AB924,BCH-2026056,2026-09-24,Structural,4081.55,-0.09,313
CLM-7E8AA7FA,BCH-2026068,2027-05-02,Sensor,2059.99,0.27,648
CLM-194920F9,BCH-2026056,2026-07-27,Sensor,3416.11,-0.13,254
CLM-3AD8EEC2,BCH-2026046,2027-05-10,Structural,1374.3,0.47,624
CLM-80EC4F6B,BCH-2026068,2026-04-15,Electrical,2504.29,-0.07,266
CLM-E9BB8325,BCH-2026051,2025-10-16,Electrical,3888.15,0.04,259
CLM-207B3FF4,BCH-2026066,2025-05-30,Software,2510.41,-0.86,86
CLM-60AA8EA8,BCH-2026036,2026-06-07,Structural,4651.47,-0.29,472
CLM-8F24F669,BCH-2026077,2025-10-13,Electrical,4709.02,0.41,274
CLM-D689184A,BCH-2026055,2026-06-19,Mechanical,2029.25,0.66,284
CLM-BDAAB348,BCH-2026081,2027-05-09,Electrical,4859.43,0.58,650
CLM-FF7425B9,BCH-2026044,2025-08-27,Software,2536.46,0.77,101
CLM-9E09F84A,BCH-2026081,2026-11-15,Mechanical,2935.23,0.26,475
CLM-D0A1A383,BCH-2026093,2025-10-15,Electrical,4061.4,-0.46,147
CLM-18BCC40F,BCH-2026022,2026-10-03,Electrical,1673.71,0.68,521
CLM-316EF315,BCH-2026053,2025-09-08,Electrical,1907.96,0.16,70
CLM-8CFD1A6A,BCH-2026036,2025-12-01,Structural,2519.92,0.18,284
CLM-8DB4CB36,BCH-2026074,2027-01-31,Electrical,855.43,0.46,640
CLM-89DC89E6,BCH-2026064,2025-10-29,Sensor,4319.31,0.32,275
CLM-208BB518,BCH-2026064,2026-09-28,Software,4970.09,0.34,609
CLM-E11E8708,BCH-2026097,2026-05-25,Electrical,4438.33,-0.04,261
CLM-F23DE649,BCH-2026042,2025-07-11,Electrical,2557.65,-0.54,33
CLM-D23FD66A,BCH-2026010,2025-10-18,Electrical,941.09,0.1,218
CLM-FE01E8F5,BCH-2026084,2026-04-28,Software,2309.17,-0.79,153
CLM-4AC3B94C,BCH-2026017,2026-05-22,Structural,2314.64,0.07,227
CLM-36CC4EE3,BCH-2026007,2025-11-10,Mechanical,3368.82,0.13,296
CLM-D8EEF604,BCH-2026014,2026-05-30,Software,2955.45,-0.58,150
CLM-C96CD1BA,BCH-2026098,2027-01-24,Sensor,2914.31,0.31,595
CLM-74B1FB7F,BCH-2026060,2027-05-11,Sensor,2847.47,0.73,705
CLM-AD9538E6,BCH-2026016,2026-09-13,Sensor,2839.92,0.51,400
CLM-6F7FD7BD,BCH-2026062,2025-12-07,Software,3038.29,-0.94,94
CLM-D6004EB7,BCH-2026083,2025-07-24,Software,891.83,0.17,126
CLM-82D89D49,BCH-2026056,2026-03-12,Sensor,3449.26,0.56,117
CLM-D72FC881,BCH-2026093,2025-09-30,Electrical,5084.53,-0.69,132
CLM-7675D0EC,BCH-2026022,2026-02-02,Structural,3252.35,0.8,278
CLM-8753BDA4,BCH-2026080,2025-12-24,Electrical,2974.22,0.25,155
CLM-50A0E1D6,BCH-2026059,2025-07-13,Electrical,2172.31,-0.21,114
CLM-78F70193,BCH-2026076,2027-01-17,Mechanical,4557.79,0.33,445
CLM-105954FE,BCH-2026025,2025-08-22,Structural,11834.95,-0.53,78
CLM-E94A4E13,BCH-2026085,2026-02-06,Electrical,3064.45,0.41,289
CLM-DE514B06,BCH-2026032,2026-08-02,Structural,2480.72,-0.05,559
CLM-7F53FD77,BCH-2026064,2025-03-11,Electrical,1166.85,0.06,43
CLM-54FD9700,BCH-2026044,2025-11-23,Sensor,2851.86,0.63,189
CLM-AD2F86D8,BCH-2026021,2027-09-01,Software,979.86,0.37,686
CLM-AF974C21,BCH-2026049,2026-08-31,Structural,4301.25,-0.06,258
CLM-511BFE24,BCH-2026003,2026-02-27,Structural,8678.5,-0.69,173
CLM-E1FAA61D,BCH-2026096,2027-01-13,Mechanical,2513.02,0.55,628
CLM-55516FAD,BCH-2026058,2026-08-14,Electrical,885.54,0.16,498
CLM-B2A08D4A,BCH-2026073,2027-02-18,Mechanical,1699.88,0.19,425
CLM-C60BDE19,BCH-2026091,2026-11-18,Software,3738.91,-0.1,382
CLM-593E9F5A,BCH-2026028,2026-05-21,Sensor,4426.1,0.68,207
CLM-84688746,BCH-2026023,2025-10-17,Electrical,4241.15,0.13,98
CLM-8C413542,BCH-2026014,2026-02-05,Mechanical,12479.21,-0.69,36
CLM-4CE4BA00,BCH-2026032,2026-05-24,Software,2008.43,0.76,489
CLM-1034DBAD,BCH-2026002,2026-11-12,Software,2141.02,-0.16,608
CLM-DEED2DD2,BCH-2026048,2026-06-30,Mechanical,1834.63,0.56,410
CLM-88B95D48,BCH-2026047,2026-03-05,Software,3026.05,0.5,319
CLM-C16AAAEF,BCH-2026088,2026-04-22,Structural,3298.17,-0.3,165
CLM-C73AC2F9,BCH-2026025,2025-09-25,Electrical,11972.53,-0.63,112
CLM-E67AC0B2,BCH-2026069,2026-05-10,Structural,4608.37,0.64,275
CLM-8BDDEA08,BCH-2026026,2026-05-03,Electrical,5526.95,-0.67,178
CLM-6C3D6D3C,BCH-2026047,2025-07-26,Mechanical,1869.85,-0.21,97
CLM-73B9351E,BCH-2026081,2026-08-01,Sensor,1462.29,0.47,369
CLM-5A4F293A,BCH-2026008,2025-05-13,Sensor,1895.64,-0.19,114
CLM-5E70A54F,BCH-2026064,2026-08-11,Software,3190.16,0.36,561
CLM-240618BC,BCH-2026034,2027-03-21,Structural,1445.39,-0.08,615
CLM-7E4BC0C1,BCH-2026029,2025-04-13,Mechanical,3586.96,0.77,54
CLM-1B02AEBA,BCH-2026083,2026-03-30,Electrical,4249.81,0.08,375
CLM-9E955D21,BCH-2026084,2025-12-15,Software,10129.82,-0.46,19
CLM-94C40B70,BCH-2026026,2026-01-06,Structural,3756.31,-0.43,61
CLM-FD8B1DEA,BCH-2026044,2026-02-12,Structural,3510.22,0.27,270
CLM-7221D4D2,BCH-2026029,2025-10-20,Structural,4130.99,-0.27,244
CLM-DEAD445E,BCH-2026043,2025-09-24,Mechanical,7492.06,-0.52,173
CLM-73E11007,BCH-2026060,2025-08-22,Electrical,1278.91,0.35,78
CLM-0AB327EF,BCH-2026083,2026-08-17,Sensor,4051.46,0.75,515
CLM-358A1CCB,BCH-2026086,2025-10-05,Mechanical,5494.54,-0.7,16
CLM-4F27FAB6,BCH-2026014,2026-03-12,Software,3696.82,-0.52,71
CLM-F709D7A2,BCH-2026046,2025-12-03,Mechanical,1640.56,0.37,101
CLM-43BD7D45,BCH-2026088,2026-05-21,Sensor,4794.78,-0.06,194
CLM-6FD8645E,BCH-2026081,2027-03-12,Software,1496.37,0.45,592
CLM-A592DD31,BCH-2026018,2026-11-22,Structural,2232.82,0.65,509
CLM-C343CBD5,BCH-2026049,2026-12-25,Electrical,3353.58,0.59,374
CLM-88D87B28,BCH-2026049,2027-04-17,Mechanical,4102.19,-0.28,487
CLM-45C459ED,BCH-2026082,2026-09-04,Software,2938.68,0.13,292
CLM-F1298EE8,BCH-2026009,2026-08-07,Electrical,2071.08,0.75,381
CLM-57ED5E49,BCH-2026007,2026-11-18,Structural,2576.75,-0.23,669
CLM-FB68A2B0,BCH-2026041,2026-03-25,Structural,4003.97,0.06,157
CLM-516B8919,BCH-2026002,2025-10-04,Software,3706.15,0.44,204
CLM-ADD4C99C,BCH-2026024,2026-02-25,Electrical,973.81,-0.13,228
CLM-8F4C5409,BCH-2026029,2026-09-10,Mechanical,1690.06,0.19,569
CLM-B693B826,BCH-2026093,2025-05-31,Sensor,5325.8,-0.6,10
CLM-1944261C,BCH-2026080,2026-02-10,Electrical,3122.29,0.39,203
CLM-028D9F7B,BCH-2026078,2025-11-12,Sensor,2316.68,-0.23,87
CLM-1664FA9F,BCH-2026085,2026-08-08,Software,1713.82,0.07,472
CLM-CB5B71D5,BCH-2026049,2027-01-04,Sensor,2811.03,0.04,384
CLM-F50184B4,BCH-2026047,2027-03-06,Software,813.3,0.25,685
CLM-204C6A38,BCH-2026065,2026-12-31,Electrical,2386.77,0.11,532
CLM-85C28760,BCH-2026023,2027-06-06,Electrical,3206.66,0.79,695
CLM-149EAB4F,BCH-2026016,2025-10-01,Electrical,3978.87,0.46,53
CLM-1FF1DEA9,BCH-2026096,2026-10-11,Sensor,3319.18,-0.29,534
CLM-C72E154A,BCH-2026039,2025-05-19,Structural,9537.98,-0.83,25
CLM-140C5EEB,BCH-2026092,2027-09-27,Sensor,2157.21,-0.09,651
CLM-A3249582,BCH-2026098,2025-12-29,Sensor,1455.66,0.1,204
CLM-466D53E2,BCH-2026015,2026-04-18,Software,7154.72,-1.0,164
CLM-0383CDE6,BCH-2026077,2026-07-14,Sensor,4942.98,0.8,548
CLM-23306B4E,BCH-2026017,2026-08-03,Electrical,4987.24,0.22,300
CLM-8DF8DB1B,BCH-2026009,2026-06-11,Electrical,2180.73,-0.3,324
CLM-E4F6D980,BCH-2026051,2026-04-23,Mechanical,4968.11,0.11,448
CLM-0E6C3AB0,BCH-2026019,2025-12-25,Electrical,4455.36,0.23,131
CLM-88A68536,BCH-2026098,2025-11-15,Sensor,3414.85,0.51,160
CLM-F63D2EA7,BCH-2026029,2026-01-21,Sensor,2174.22,0.04,337
CLM-BD9B1805,BCH-2026063,2026-06-30,Sensor,2313.68,0.0,534
CLM-71F87541,BCH-2026007,2027-01-03,Mechanical,3855.53,0.63,715
CLM-EB380C16,BCH-2026034,2026-06-13,Software,4014.0,-0.09,334
CLM-981C278F,BCH-2026049,2027-02-28,Mechanical,1673.99,0.76,439
CLM-7B8E19D8,BCH-2026020,2026-07-08,Electrical,2037.83,0.04,284
CLM-46B408EB,BCH-2026049,2027-04-23,Sensor,1247.3,0.49,493
CLM-842BA319,BCH-2026064,2026-04-15,Software,941.08,-0.11,443
CLM-6330D26D,BCH-2026039,2025-08-12,Electrical,7720.68,-0.43,110
CLM-D3A94C73,BCH-2026001,2027-02-28,Electrical,1586.95,0.24,717
CLM-9BE16720,BCH-2026039,2025-07-11,Structural,6790.77,-0.64,78
CLM-457A0FAD,BCH-2026003,2025-10-27,Electrical,5997.85,-0.74,50
CLM-B36E7BF3,BCH-2026075,2026-10-03,Software,2280.55,0.14,497
CLM-12DE9DC9,BCH-2026038,2026-11-18,Mechanical,4812.92,0.62,349
CLM-9A7FC08A,BCH-2026068,2026-12-21,Structural,3871.5,0.62,516
CLM-6B547820,BCH-2026081,2025-11-06,Software,3279.22,-0.04,101
CLM-9FB0DB30,BCH-2026094,2027-09-17,Software,1408.21,-0.06,669
CLM-08E4C110,BCH-2026094,2026-05-05,Sensor,2217.91,0.4,169
CLM-72CC97C4,BCH-2026039,2025-09-08,Sensor,8596.11,-0.63,137
CLM-6FF2CA86,BCH-2026033,2027-08-27,Mechanical,2980.45,0.18,712
CLM-0EADBBED,BCH-2026073,2026-10-03,Electrical,2353.09,0.74,287
CLM-CFA403C7,BCH-2026024,2027-06-29,Mechanical,1840.71,-0.22,717
CLM-B6970EEE,BCH-2026068,2025-09-22,Structural,2471.08,0.77,61
CLM-408FD53E,BCH-2026061,2025-08-27,Sensor,8362.68,-0.53,164
CLM-41A57ED6,BCH-2026045,2026-03-31,Sensor,4900.15,0.54,195
CLM-04565D27,BCH-2026015,2026-01-27,Software,3453.91,-0.49,83
CLM-9F06F90F,BCH-2026092,2027-08-10,Sensor,1488.03,0.4,603
CLM-649AC648,BCH-2026020,2027-03-08,Electrical,2628.22,-0.21,527
CLM-8873712E,BCH-2026067,2026-01-26,Sensor,2220.73,0.06,301
CLM-4CFB415A,BCH-2026035,2027-07-01,Software,4925.74,0.34,685
CLM-4F10272C,BCH-2026018,2026-06-25,Mechanical,3736.13,-0.18,359
CLM-0D2EE030,BCH-2026058,2025-05-09,Structural,2747.7,0.09,36
CLM-9D2C6CEA,BCH-2026038,2026-05-27,Electrical,3451.85,0.61,174
CLM-FCD6A7A1,BCH-2026054,2025-11-22,Mechanical,3526.2,0.22,170
CLM-6C54573F,BCH-2026098,2026-02-20,Electrical,1656.77,0.29,257
CLM-3CE6080A,BCH-2026072,2026-01-22,Mechanical,6713.84,-0.48,120
CLM-B812BC8B,BCH-2026004,2025-10-28,Electrical,4457.5,0.76,157
CLM-EC52C5EE,BCH-2026092,2027-03-31,Structural,1210.88,0.56,471
CLM-C906F5BA,BCH-2026086,2025-12-21,Electrical,8204.03,-0.72,93
CLM-A8BFBC1B,BCH-2026010,2027-02-02,Electrical,4228.55,0.15,690
CLM-230D4B09,BCH-2026088,2026-01-30,Sensor,4757.66,-0.01,83
CLM-BF7E0822,BCH-2026000,2025-01-20,Structural,6355.83,-0.77,13
CLM-C507532B,BCH-2026080,2026-05-18,Sensor,4338.01,0.14,300
CLM-C38D1D65,BCH-2026085,2026-02-21,Electrical,1681.4,-0.1,304
CLM-EB5A7943,BCH-2026063,2025-04-17,Mechanical,2773.34,-0.17,95
CLM-D3C006C0,BCH-2026028,2027-07-31,Mechanical,4795.09,0.12,643
CLM-C833C44C,BCH-2026040,2027-08-03,Mechanical,3157.8,0.19,699
CLM-8285F77C,BCH-2026087,2025-04-29,Structural,11297.42,-0.4,88
CLM-DC625A4D,BCH-2026007,2025-07-10,Software,1349.92,-0.2,173
CLM-F2C0D726,BCH-2026047,2025-07-28,Sensor,3137.58,0.43,99
CLM-487D2792,BCH-2026063,2026-04-19,Sensor,1736.51,0.16,462
CLM-425D3296,BCH-2026001,2025-07-13,Electrical,1027.65,-0.23,122
CLM-B614BC9A,BCH-2026078,2026-09-05,Electrical,2691.7,0.17,384
CLM-98BC167B,BCH-2026050,2026-02-14,Software,3584.74,0.1,208
CLM-95CEC6B6,BCH-2026046,2026-12-28,Mechanical,2517.51,-0.17,491
CLM-B5B54E12,BCH-2026028,2027-03-04,Electrical,2897.29,0.52,494
CLM-2784DE2B,BCH-2026064,2025-08-10,Software,917.87,-0.05,195
CLM-17FED9B3,BCH-2026093,2025-08-11,Software,7536.66,-0.83,82
CLM-6E37438C,BCH-2026011,2026-02-28,Electrical,2684.59,0.7,266
CLM-4C922658,BCH-2026008,2025-05-06,Structural,1534.61,0.42,107
CLM-87C93723,BCH-2026018,2027-01-03,Software,3464.68,0.2,551
CLM-2703DEC3,BCH-2026072,2025-12-11,Electrical,2026.12,-0.88,78
CLM-14BAD63A,BCH-2026080,2027-03-01,Structural,4965.12,0.58,587
CLM-6A964D11,BCH-2026027,2026-03-26,Software,3167.45,-0.82,100
CLM-0B07F44A,BCH-2026069,2026-08-16,Mechanical,1133.61,0.55,373
CLM-B2E76F6F,BCH-2026022,2026-05-19,Sensor,4062.18,0.65,384
CLM-2D186BC9,BCH-2026007,2026-05-17,Software,3125.98,-0.28,484
CLM-B1FA81C9,BCH-2026010,2026-08-01,Structural,3283.06,0.04,505
CLM-367329D7,BCH-2026042,2025-12-02,Structural,10215.11,-0.79,177
CLM-C4598E1A,BCH-2026062,2026-02-19,Software,10662.4,-0.94,168
CLM-3B5A770D,BCH-2026080,2027-06-13,Software,1527.61,0.06,691
CLM-E2A0A437,BCH-2026008,2025-09-26,Structural,3116.9,0.34,250
CLM-EDEA556C,BCH-2026093,2025-10-02,Electrical,4401.58,-0.95,134
CLM-F87540EB,BCH-2026080,2026-03-03,Electrical,4756.98,0.27,224
CLM-B02ADA25,BCH-2026093,2025-07-16,Structural,10621.07,-0.57,56
CLM-94442380,BCH-2026065,2026-09-01,Software,897.96,0.68,411
CLM-5548FA0C,BCH-2026085,2025-09-23,Sensor,1009.78,0.18,153
CLM-3A10C5FB,BCH-2026088,2025-12-28,Sensor,3044.86,0.13,50
CLM-5D7642EF,BCH-2026024,2026-08-24,Electrical,3295.48,0.75,408
CLM-C07396C9,BCH-2026039,2025-08-13,Mechanical,3401.42,-0.51,111
CLM-F8FF62CD,BCH-2026051,2027-01-13,Structural,2506.18,0.55,713
CLM-9DC805CE,BCH-2026078,2026-04-18,Software,849.83,0.67,244
CLM-A0D26907,BCH-2026026,2026-04-25,Mechanical,8743.66,-0.62,170
CLM-F55CFDED,BCH-2026076,2026-02-19,Electrical,1283.41,-0.07,113
CLM-9F3EC4CC,BCH-2026061,2025-05-09,Structural,9699.96,-0.9,54
CLM-3C4CE682,BCH-2026008,2026-09-11,Software,3932.71,0.35,600
CLM-A8AF261C,BCH-2026013,2027-04-07,Electrical,1629.48,0.67,624
CLM-134A6DF8,BCH-2026057,2025-11-28,Software,1369.8,0.46,324
CLM-A8C9F6D7,BCH-2026096,2027-03-08,Electrical,4006.95,0.4,682
CLM-19329E8C,BCH-2026017,2026-12-16,Mechanical,3236.4,0.49,435
CLM-991FED86,BCH-2026003,2025-10-21,Structural,11767.73,-0.71,44
CLM-4D216CA4,BCH-2026005,2025-04-18,Electrical,3933.08,0.48,107
CLM-18ABF86E,BCH-2026032,2026-01-07,Electrical,2077.91,-0.07,352
CLM-FE1ACD03,BCH-2026028,2027-05-09,Structural,3137.48,0.15,560
CLM-099D5ACC,BCH-2026088,2026-06-08,Sensor,4979.22,0.66,212
CLM-665A919A,BCH-2026023,2026-01-03,Software,4602.3,0.61,176
CLM-77219A1F,BCH-2026079,2026-12-02,Structural,1573.47,0.65,549
CLM-C9E59A00,BCH-2026001,2025-07-11,Sensor,1054.46,-0.22,120
CLM-AF75B1B9,BCH-2026070,2027-04-01,Software,3717.46,0.28,664
CLM-23577A8A,BCH-2026058,2025-11-05,Structural,1483.69,-0.14,216
CLM-5041BAA0,BCH-2026072,2026-03-02,Structural,11027.82,-0.9,159
CLM-99BC2068,BCH-2026026,2026-04-09,Electrical,10773.29,-0.93,154
CLM-BE899FF4,BCH-2026017,2026-10-19,Mechanical,1362.37,0.52,377
CLM-5FFE91F0,BCH-2026095,2025-07-21,Electrical,7083.86,-0.81,170
CLM-B7441E88,BCH-2026006,2025-09-13,Mechanical,1545.85,-0.25,48
CLM-1FF84EDB,BCH-2026029,2025-09-30,Sensor,2051.23,0.49,224
CLM-F5D8E36E,BCH-2026098,2027-04-06,Structural,4980.82,-0.19,667
CLM-A7651C29,BCH-2026089,2025-09-04,Sensor,4469.59,-0.92,103
CLM-0A4194E4,BCH-2026020,2026-02-13,Sensor,3093.85,0.62,139
CLM-3911B501,BCH-2026042,2025-06-21,Structural,8157.87,-0.7,13
CLM-E9AC14E0,BCH-2026066,2025-06-20,Structural,8682.17,-0.86,107
CLM-E9216354,BCH-2026071,2026-03-26,Electrical,4926.88,-0.21,153
CLM-A237D150,BCH-2026088,2026-09-10,Mechanical,1568.81,0.58,306
CLM-26D525D1,BCH-2026028,2027-02-26,Electrical,1913.62,0.25,488
CLM-21D82B41,BCH-2026026,2026-05-04,Mechanical,2167.66,-0.78,179
CLM-0C1152DE,BCH-2026049,2027-05-07,Mechanical,2085.82,0.57,507
CLM-0923F6E4,BCH-2026011,2026-08-04,Software,3663.69,-0.19,423
CLM-37828DC3,BCH-2026036,2026-05-26,Software,1905.58,0.24,460
CLM-415AC02E,BCH-2026076,2026-05-22,Electrical,3487.38,0.17,205
CLM-78D3269F,BCH-2026067,2026-09-20,Electrical,4512.96,0.57,538
CLM-D77E6D3B,BCH-2026088,2026-07-15,Software,2181.49,0.65,249
CLM-E4FFAE71,BCH-2026079,2025-12-21,Sensor,3337.91,0.78,203
CLM-2DF7AFBF,BCH-2026086,2026-01-28,Sensor,4285.93,-0.78,131
CLM-638E45A6,BCH-2026025,2025-11-30,Sensor,9188.6,-0.89,178
CLM-E19DD4A0,BCH-2026037,2025-05-17,Mechanical,4650.91,0.61,111
CLM-2D885E13,BCH-2026048,2026-09-08,Electrical,4124.39,0.4,480
CLM-ABB7F43B,BCH-2026054,2026-01-23,Sensor,1208.22,0.62,232
CLM-EA99E169,BCH-2026025,2025-10-03,Software,5948.52,-0.45,120
CLM-32DDB2F1,BCH-2026017,2027-06-28,Software,4670.63,-0.28,629
CLM-B682848F,BCH-2026081,2025-12-27,Structural,4511.94,-0.03,152
CLM-EFA8D764,BCH-2026052,2026-11-25,Sensor,1355.43,0.33,592
CLM-87B3AE45,BCH-2026034,2026-01-20,Software,3174.91,-0.03,190
CLM-A91E6E1E,BCH-2026070,2025-09-15,Software,1978.06,0.03,101
CLM-E0594153,BCH-2026099,2025-09-04,Software,4232.43,-0.78,95
CLM-99B04307,BCH-2026095,2025-03-13,Mechanical,5519.39,-0.97,40
CLM-48804A89,BCH-2026093,2025-06-25,Sensor,10846.68,-0.87,35
CLM-1D9C95CD,BCH-2026075,2026-11-27,Structural,840.9,0.06,552
CLM-4ABE9A98,BCH-2026044,2027-04-30,Structural,4768.83,-0.18,712
CLM-5B240F53,BCH-2026071,2027-06-17,Structural,953.02,0.1,601
CLM-EBDA8589,BCH-2026075,2025-11-24,Sensor,2962.92,0.72,184
CLM-B0F9D491,BCH-2026038,2027-05-18,Software,2418.4,0.34,530
CLM-D4E19A5C,BCH-2026079,2026-03-26,Sensor,1724.52,-0.23,298
CLM-C1F661B8,BCH-2026004,2026-07-28,Software,1180.88,0.15,430
CLM-4ACC5D82,BCH-2026076,2027-02-28,Software,4206.97,0.47,487
CLM-10EC2119,BCH-2026073,2026-03-15,Mechanical,4256.75,-0.2,85
CLM-8C9F283B,BCH-2026025,2025-08-19,Mechanical,11774.28,-0.87,75
CLM-4F247ADD,BCH-2026029,2026-01-16,Software,2620.94,0.58,332
CLM-F236AA4B,BCH-2026065,2026-07-05,Mechanical,4502.79,0.08,353
CLM-9495EF8D,BCH-2026072,2025-11-17,Mechanical,3521.12,-0.46,54
CLM-12ECEC43,BCH-2026048,2025-12-19,Software,3339.28,0.2,217
CLM-7C644645,BCH-2026039,2025-08-13,Electrical,8154.15,-0.57,111
CLM-0F141F7B,BCH-2026098,2026-10-05,Software,4474.46,-0.21,484
CLM-CC590871,BCH-2026083,2026-07-28,Electrical,2285.29,0.02,495
CLM-19239020,BCH-2026071,2026-03-24,Electrical,1397.19,0.36,151
CLM-8963D3C2,BCH-2026073,2027-11-19,Electrical,2497.96,-0.14,699
CLM-6768E868,BCH-2026077,2025-04-01,Sensor,4232.48,0.75,79
CLM-DEAAFE1A,BCH-2026056,2026-09-25,Structural,4518.88,0.05,314
CLM-6353315F,BCH-2026094,2026-07-15,Electrical,2277.47,-0.18,240
CLM-9152655F,BCH-2026066,2025-06-08,Software,9708.92,-0.73,95
CLM-C2519D62,BCH-2026075,2026-10-31,Mechanical,1399.07,0.58,525
CLM-8D6FBCC2,BCH-2026046,2026-05-31,Electrical,2653.41,0.5,280
CLM-66756138,BCH-2026000,2025-01-24,Software,9885.31,-0.66,17
CLM-2BC111EE,BCH-2026050,2026-02-25,Software,4945.26,0.55,219
CLM-1EBCE468,BCH-2026037,2025-11-11,Sensor,4182.57,0.02,289
CLM-4BCC7A9E,BCH-2026099,2025-08-11,Sensor,9622.38,-0.49,71
CLM-E1F5CE27,BCH-2026093,2025-09-22,Structural,5095.09,-0.98,124
CLM-40075ABF,BCH-2026082,2026-06-09,Electrical,3783.63,0.47,205
CLM-1193B40E,BCH-2026027,2026-02-13,Mechanical,3479.55,-0.83,59
CLM-2967CFD4,BCH-2026030,2025-10-31,Structural,9188.62,-0.98,64
CLM-C5C86DCD,BCH-2026074,2026-04-01,Sensor,4977.29,-0.2,335
CLM-5C5F3938,BCH-2026074,2027-03-28,Software,2778.9,0.13,696
CLM-AA3E5038,BCH-2026063,2025-05-26,Mechanical,1871.03,0.6,134
CLM-496CBCE0,BCH-2026017,2027-04-02,Structural,4308.38,0.19,542
CLM-F0594EAB,BCH-2026088,2026-01-23,Sensor,3452.22,-0.25,76
CLM-95354D46,BCH-2026068,2025-09-03,Mechanical,2087.77,-0.05,42
CLM-6F7E6202,BCH-2026056,2027-01-27,Electrical,3528.02,0.58,438
CLM-8A89488D,BCH-2026017,2027-09-22,Structural,3317.18,-0.26,715
CLM-032DB4C8,BCH-2026016,2027-07-05,Structural,1475.52,0.27,695
CLM-D3C34FD6,BCH-2026032,2026-07-18,Electrical,1929.58,0.09,544
CLM-F0B2637E,BCH-2026062,2025-11-04,Electrical,9813.15,-0.64,61
CLM-D54A2AFC,BCH-2026084,2026-04-02,Sensor,5574.64,-0.45,127
CLM-AD62AC43,BCH-2026047,2026-04-27,Electrical,4757.79,-0.28,372
CLM-170E53BC,BCH-2026014,2026-02-19,Structural,7616.04,-0.5,50
CLM-F9BFA350,BCH-2026073,2026-11-10,Structural,3601.64,0.34,325
CLM-2FD43549,BCH-2026095,2025-06-21,Software,11476.44,-0.97,140
CLM-8383E631,BCH-2026063,2026-12-06,Sensor,2041.62,0.22,693
CLM-936B8CB9,BCH-2026082,2027-08-07,Software,3239.04,0.28,629
CLM-E6C0F6B1,BCH-2026023,2027-04-04,Electrical,3750.73,0.37,632
CLM-7978121C,BCH-2026027,2026-02-04,Electrical,3579.44,-0.65,50
CLM-3EC21E69,BCH-2026048,2027-03-16,Structural,3465.0,-0.03,669
CLM-96408FF7,BCH-2026017,2026-05-04,Software,2460.61,-0.01,209
CLM-A2029EAC,BCH-2026003,2026-01-15,Sensor,5531.18,-0.54,130
CLM-011CBB99,BCH-2026079,2027-02-01,Software,3322.03,0.67,610
CLM-D32E5442,BCH-2026064,2025-04-03,Mechanical,2323.57,0.13,66
CLM-B4475828,BCH-2026038,2027-04-30,Sensor,3991.81,-0.05,512
CLM-2C1603A0,BCH-2026039,2025-07-28,Mechanical,9584.28,-0.7,95
CLM-A3728348,BCH-2026054,2025-10-19,Electrical,4191.84,0.6,136
CLM-03E80294,BCH-2026058,2026-10-15,Electrical,4515.92,0.41,560
CLM-2B83A14A,BCH-2026055,2027-02-02,Mechanical,3696.01,-0.23,512
CLM-BB756B9C,BCH-2026022,2026-03-14,Sensor,869.49,0.0,318
CLM-8C2F1FC1,BCH-2026026,2026-01-30,Software,5989.7,-0.99,85
CLM-F94CEBED,BCH-2026041,2026-12-17,Structural,2723.75,0.46,424
CLM-F03293A1,BCH-2026003,2025-10-23,Electrical,7393.95,-0.54,46
CLM-E99D8C9C,BCH-2026098,2026-03-10,Electrical,3022.12,-0.23,275
CLM-3CF8F760,BCH-2026003,2025-11-16,Electrical,7866.82,-0.47,70
CLM-ABE2B6E1,BCH-2026080,2026-07-15,Mechanical,1322.62,-0.13,358
CLM-4198313C,BCH-2026028,2027-01-11,Sensor,2301.37,0.67,442
CLM-BF8D7DA9,BCH-2026020,2027-01-16,Electrical,4434.5,0.3,476
CLM-9777B460,BCH-2026094,2027-07-19,Sensor,3790.61,0.3,609
CLM-9F9104C5,BCH-2026069,2025-12-15,Mechanical,3406.58,0.15,129
CLM-FA957B42,BCH-2026042,2025-09-10,Structural,4748.06,-0.64,94
CLM-90EB71CC,BCH-2026040,2025-12-17,Sensor,4892.08,0.57,105
CLM-52029ADB,BCH-2026088,2026-06-30,Sensor,2643.81,0.68,234
CLM-9C7D2F0A,BCH-2026039,2025-06-04,Software,5233.02,-0.81,41
CLM-2593FA19,BCH-2026037,2025-03-25,Sensor,4572.86,-0.19,58
CLM-25B4A3D6,BCH-2026030,2025-10-18,Software,2285.69,-1.0,51
CLM-7E30D341,BCH-2026036,2025-07-18,Structural,2289.11,0.69,148
CLM-B9702BDF,BCH-2026044,2025-10-03,Electrical,883.59,0.43,138
CLM-C99A88BC,BCH-2026052,2025-05-27,Structural,4246.4,0.21,45
CLM-5BEA5549,BCH-2026044,2025-07-12,Sensor,1324.78,0.48,55
CLM-68056019,BCH-2026025,2025-09-27,Electrical,9961.7,-0.61,114
CLM-468A493A,BCH-2026070,2026-12-04,Mechanical,4184.91,0.33,546
CLM-428C8C85,BCH-2026093,2025-06-19,Electrical,2520.92,-0.6,29
CLM-C18597A0,BCH-2026025,2025-10-16,Electrical,3673.62,-0.56,133
CLM-104D9551,BCH-2026024,2027-05-14,Structural,2526.46,0.36,671
CLM-AF536D61,BCH-2026026,2026-04-22,Sensor,5618.53,-0.78,167
CLM-AE357E92,BCH-2026026,2026-01-11,Software,5184.88,-0.52,66
CLM-38D5A38A,BCH-2026058,2026-06-03,Software,2976.6,0.6,426
CLM-9F9D2E48,BCH-2026033,2026-01-31,Structural,988.0,0.72,139
CLM-620BFA9C,BCH-2026078,2026-11-11,Sensor,3027.44,0.68,451
CLM-88D8608B,BCH-2026082,2026-04-26,Sensor,1656.91,0.23,161
CLM-A88A85FE,BCH-2026057,2025-06-06,Software,2974.42,0.21,149
CLM-A2F94CFF,BCH-2026088,2026-03-11,Sensor,1099.69,-0.15,123
CLM-F57066B1,BCH-2026032,2025-03-10,Electrical,3703.37,-0.13,49
CLM-5A3496E5,BCH-2026009,2027-05-30,Electrical,2136.31,-0.16,677
CLM-F3559A2A,BCH-2026029,2025-08-07,Sensor,1411.29,0.2,170
CLM-26EDE435,BCH-2026091,2027-06-06,Structural,2890.52,-0.13,582
CLM-F35959D1,BCH-2026075,2026-07-28,Mechanical,2071.21,0.53,430
CLM-48B7AA57,BCH-2026040,2025-12-12,Electrical,3621.97,-0.14,100
CLM-2C5E7908,BCH-2026044,2026-04-10,Electrical,3750.38,0.57,327
CLM-32609AF2,BCH-2026091,2026-06-11,Mechanical,2766.62,0.4,222
CLM-EA2930FA,BCH-2026090,2027-01-04,Mechanical,3465.16,0.28,688
CLM-4C860B7F,BCH-2026003,2026-01-29,Software,10618.02,-1.0,144
CLM-F848CBB2,BCH-2026061,2025-06-08,Sensor,2872.21,-0.57,84
CLM-3CF80B5B,BCH-2026050,2025-09-07,Structural,975.85,0.08,48
CLM-99A215B5,BCH-2026049,2026-09-08,Mechanical,2413.63,0.29,266
CLM-2DFB0A2B,BCH-2026081,2026-08-25,Electrical,3768.92,0.78,393
CLM-FCE1C41C,BCH-2026070,2026-07-12,Electrical,3834.18,0.12,401
CLM-489CBEA8,BCH-2026009,2027-06-29,Software,862.03,0.43,707
CLM-6148F6FC,BCH-2026066,2025-06-13,Electrical,2187.43,-0.63,100
CLM-02A81576,BCH-2026057,2026-07-05,Sensor,1816.01,-0.19,543
CLM-26AEEBCC,BCH-2026068,2026-11-09,Sensor,1122.97,0.65,474
CLM-CDD32023,BCH-2026039,2025-07-26,Structural,8892.49,-0.97,93
CLM-4998FA06,BCH-2026056,2027-07-27,Sensor,4494.3,0.33,619
CLM-5095C4DA,BCH-2026079,2027-04-27,Software,2702.93,-0.22,695
CLM-701058E1,BCH-2026003,2025-12-20,Mechanical,3742.53,-0.91,104
CLM-278D4938,BCH-2026003,2025-10-14,Sensor,9735.17,-0.78,37
CLM-DE5EF16B,BCH-2026099,2025-07-23,Sensor,11736.77,-0.54,52
CLM-FC7915CA,BCH-2026096,2026-04-30,Electrical,1217.99,-0.19,370
CLM-46E15655,BCH-2026058,2027-02-25,Sensor,2035.68,0.74,693
CLM-698BFAC4,BCH-2026050,2026-09-08,Software,2674.12,0.46,414
CLM-CBFE49DC,BCH-2026078,2026-03-15,Structural,2834.02,0.13,210
CLM-F0CBFDA9,BCH-2026084,2026-02-07,Sensor,8597.75,-0.45,73
CLM-5837DF29,BCH-2026000,2025-05-05,Software,3234.13,-0.63,118
CLM-2E42405A,BCH-2026012,2026-01-14,Structural,957.57,0.45,314
CLM-D186E9BD,BCH-2026019,2027-07-14,Electrical,2682.25,-0.23,697
CLM-29FA93EC,BCH-2026070,2026-09-11,Structural,3631.05,0.55,462
CLM-866EA8AA,BCH-2026097,2027-05-23,Software,1884.93,0.14,624
CLM-93CDF1A7,BCH-2026027,2026-02-08,Software,4217.07,-0.82,54
CLM-B932303E,BCH-2026074,2025-07-06,Structural,4214.31,0.37,66
CLM-5DFD242D,BCH-2026084,2025-12-08,Electrical,9849.51,-0.65,12
CLM-B067B30A,BCH-2026048,2026-11-30,Structural,4645.0,0.21,563
CLM-9B36A2B0,BCH-2026015,2026-03-19,Electrical,10731.57,-0.94,134
CLM-FC99966F,BCH-2026022,2027-01-22,Electrical,4008.23,0.39,632
CLM-7830FD44,BCH-2026022,2026-01-18,Mechanical,2719.49,0.29,263
CLM-36E355AD,BCH-2026051,2025-05-10,Mechanical,4152.8,0.8,100
CLM-04E3A9BA,BCH-2026042,2025-11-30,Software,2435.75,-0.44,175
CLM-30F1C344,BCH-2026070,2026-05-15,Sensor,4705.56,0.45,343
CLM-24ABA895,BCH-2026016,2026-03-16,Mechanical,3675.83,0.31,219
CLM-01EC310B,BCH-2026063,2026-04-21,Mechanical,1503.95,0.22,464
CLM-FA6F6D89,BCH-2026043,2025-06-30,Sensor,2883.4,-0.66,87
CLM-C1B1E1D4,BCH-2026071,2027-02-05,Sensor,3916.3,0.44,469
CLM-7D937DBE,BCH-2026018,2026-10-01,Mechanical,1682.31,0.26,457
CLM-2C7F84E5,BCH-2026037,2026-05-29,Mechanical,1029.83,-0.06,488
CLM-6BBAD6C7,BCH-2026094,2027-08-18,Structural,4894.31,0.47,639
CLM-272F5870,BCH-2026017,2026-12-24,Mechanical,2427.5,0.2,443
CLM-17CA68D6,BCH-2026030,2026-02-11,Electrical,7780.37,-0.91,167
CLM-3989A570,BCH-2026005,2026-01-26,Sensor,3620.6,0.01,390
CLM-86B6BFE6,BCH-2026015,2026-04-02,Software,10210.32,-0.7,148
CLM-40342257,BCH-2026078,2027-02-26,Electrical,2764.87,0.33,558
CLM-278927B9,BCH-2026016,2026-05-01,Mechanical,3413.11,0.78,265
CLM-078FAB15,BCH-2026084,2026-05-03,Mechanical,12105.65,-0.92,158
CLM-D04B2503,BCH-2026017,2026-05-17,Software,4744.13,-0.21,222
CLM-BA7E67C7,BCH-2026056,2026-10-04,Structural,1470.06,0.31,323
CLM-477AED07,BCH-2026065,2025-09-06,Structural,1043.72,0.77,51
CLM-F4C9445F,BCH-2026034,2026-11-10,Electrical,2606.7,-0.28,484
CLM-962644B6,BCH-2026074,2026-09-10,Software,1689.42,-0.27,497
CLM-FF8EB639,BCH-2026011,2026-05-20,Software,1568.79,0.62,347
CLM-CF2BCD39,BCH-2026015,2025-11-22,Mechanical,2178.19,-0.43,17
CLM-BF0D55FA,BCH-2026011,2027-05-13,Electrical,2360.7,0.64,705
CLM-CC0A76D1,BCH-2026010,2027-01-21,Mechanical,2144.64,-0.13,678
CLM-5063AB2B,BCH-2026024,2027-03-22,Sensor,2608.63,0.21,618
CLM-36A53E2F,BCH-2026089,2025-08-27,Electrical,4140.64,-0.9,95
CLM-43C36BB7,BCH-2026010,2025-09-08,Software,1850.8,0.53,178
CLM-B06B45D9,BCH-2026070,2025-08-28,Mechanical,2756.87,0.09,83
CLM-9CDEEDBC,BCH-2026016,2027-04-10,Structural,2542.86,-0.09,609
CLM-1A85DD33,BCH-2026038,2027-06-15,Software,1318.16,0.77,558
CLM-85B12117,BCH-2026026,2026-01-10,Mechanical,5097.47,-0.96,65
CLM-7E6FD469,BCH-2026075,2027-02-13,Sensor,1711.07,0.44,630
CLM-062C3CCD,BCH-2026023,2025-08-27,Structural,1029.03,0.08,47
CLM-037B160A,BCH-2026050,2027-01-07,Structural,1356.08,0.52,535
CLM-185F181F,BCH-2026009,2026-07-16,Sensor,2456.86,0.59,359
CLM-BA2D3784,BCH-2026096,2026-01-27,Mechanical,4357.54,0.53,277
CLM-5A8CF1CB,BCH-2026079,2026-04-17,Software,2517.93,0.65,320
CLM-92CFBEA2,BCH-2026081,2027-02-10,Software,4960.35,-0.24,562
CLM-98628012,BCH-2026017,2026-03-10,Structural,3541.03,-0.15,154
CLM-219C2BAF,BCH-2026035,2027-05-27,Mechanical,2286.23,-0.24,650
CLM-3E347BD6,BCH-2026002,2026-12-29,Mechanical,1486.02,-0.07,655
CLM-C9392B97,BCH-2026046,2026-10-18,Electrical,4124.11,-0.07,420
CLM-E653C998,BCH-2026038,2027-08-06,Software,4981.78,0.66,610
CLM-C0E1C69C,BCH-2026018,2027-04-12,Mechanical,4310.47,0.24,650
CLM-E97E7F2E,BCH-2026074,2025-12-28,Mechanical,1441.65,0.32,241
CLM-F14C1A11,BCH-2026099,2025-06-28,Electrical,11924.79,-0.72,27
CLM-80F36E43,BCH-2026099,2025-10-29,Mechanical,5482.08,-0.69,150
CLM-C7D2700B,BCH-2026041,2027-08-18,Software,3198.86,-0.06,668
CLM-13C0EB13,BCH-2026008,2025-05-22,Software,2396.91,0.56,123
CLM-90FE080D,BCH-2026047,2026-04-27,Structural,1119.9,0.71,372
CLM-26429CAC,BCH-2026072,2025-11-17,Software,7528.44,-0.69,54
CLM-2504FD84,BCH-2026057,2026-03-21,Mechanical,1013.67,0.6,437
CLM-43AC4DD5,BCH-2026052,2027-02-27,Software,1986.27,-0.21,686
CLM-BA6D78E8,BCH-2026058,2025-10-23,Structural,2496.09,0.26,203
CLM-2AC2F76A,BCH-2026029,2026-05-24,Structural,3710.64,0.56,460
CLM-500FCDD7,BCH-2026005,2026-10-18,Structural,1192.0,0.77,655
CLM-1EC2D8A2,BCH-2026024,2026-12-13,Electrical,3764.24,0.21,519
CLM-3A64D708,BCH-2026050,2026-07-10,Electrical,3192.32,0.04,354
CLM-9F36D9F6,BCH-2026014,2026-03-18,Software,6876.5,-0.73,77
CLM-B3653182,BCH-2026092,2027-02-27,Software,2994.92,0.09,439
CLM-6103DBD9,BCH-2026023,2025-11-29,Sensor,2265.71,-0.08,141
CLM-0D54CC7C,BCH-2026014,2026-05-11,Sensor,7006.91,-0.82,131
CLM-528485D7,BCH-2026020,2027-07-30,Software,4742.91,-0.19,671
CLM-D63BA931,BCH-2026078,2027-07-14,Electrical,830.37,0.3,696
CLM-FBDA96CC,BCH-2026091,2026-10-29,Sensor,2243.78,0.53,362
CLM-81DB919F,BCH-2026046,2026-08-22,Structural,4474.61,0.57,363
CLM-CADB142E,BCH-2026099,2025-10-01,Software,6021.08,-0.49,122
CLM-A6AC1574,BCH-2026028,2027-06-10,Mechanical,1890.37,-0.01,592
CLM-83956EFC,BCH-2026054,2027-05-19,Software,4264.59,0.7,713
CLM-69D3112D,BCH-2026083,2026-01-15,Structural,2008.26,0.24,301
CLM-E9A3A5A1,BCH-2026004,2027-04-06,Sensor,1086.08,0.58,682
CLM-DB5DFB4B,BCH-2026085,2025-06-21,Software,4340.44,-0.1,59
CLM-181B5772,BCH-2026054,2027-01-22,Mechanical,3837.79,0.75,596
CLM-513D768D,BCH-2026057,2026-11-06,Electrical,1073.43,-0.01,667
CLM-976DFD06,BCH-2026098,2026-01-11,Sensor,2734.05,0.36,217
CLM-B391D54D,BCH-2026074,2025-12-02,Electrical,1787.09,-0.16,215
CLM-5977613E,BCH-2026062,2025-09-15,Sensor,12008.63,-0.45,11
CLM-C8F93BC6,BCH-2026008,2026-06-19,Software,3330.22,0.59,516
CLM-43274DEB,BCH-2026089,2025-06-21,Sensor,9620.27,-0.68,28
CLM-42A16891,BCH-2026034,2026-01-26,Sensor,4152.88,0.27,196
CLM-C22421C4,BCH-2026026,2025-12-02,Sensor,9572.11,-0.54,26
CLM-B93FD572,BCH-2026066,2025-03-18,Mechanical,6480.21,-0.95,13
CLM-DBF959E8,BCH-2026054,2027-01-23,Mechanical,4786.2,0.45,597
CLM-244E72EC,BCH-2026094,2027-03-03,Electrical,4736.32,0.7,471
CLM-31A44D30,BCH-2026039,2025-05-30,Mechanical,5680.8,-0.7,36
CLM-6F64F5FE,BCH-2026049,2026-04-10,Electrical,1150.75,-0.21,115
CLM-6C841CAE,BCH-2026031,2026-12-24,Software,3404.41,-0.13,438
CLM-92BEE677,BCH-2026047,2026-05-14,Sensor,3892.26,0.21,389
CLM-ABC9B918,BCH-2026018,2026-12-31,Sensor,3543.73,0.29,548
CLM-AB7D59F4,BCH-2026070,2026-08-30,Electrical,3178.85,0.2,450
CLM-48FF6D38,BCH-2026019,2026-10-13,Electrical,4387.49,0.01,423
CLM-FEC52D5A,BCH-2026020,2027-06-23,Electrical,3270.25,0.65,634
CLM-6A967C67,BCH-2026071,2027-03-26,Structural,4235.15,0.02,518
CLM-957D16FB,BCH-2026001,2026-05-24,Software,992.35,-0.23,437
CLM-862F27A2,BCH-2026078,2026-02-21,Mechanical,1808.81,0.8,188
CLM-4B479AC3,BCH-2026018,2025-12-13,Mechanical,1764.07,0.63,165
CLM-28488FAC,BCH-2026001,2025-05-26,Sensor,4647.45,0.62,74
CLM-EAD21049,BCH-2026088,2027-02-05,Structural,1779.54,0.21,454
CLM-3C064494,BCH-2026031,2026-06-29,Structural,1921.99,-0.14,260
CLM-E187A528,BCH-2026052,2026-04-08,Mechanical,3359.68,0.03,361
CLM-F96D5A70,BCH-2026056,2027-05-22,Sensor,1130.19,0.78,553
CLM-D3629CC8,BCH-2026028,2027-08-06,Sensor,3940.46,0.14,649
CLM-2F902CA0,BCH-2026003,2025-12-06,Sensor,7363.39,-0.49,90
CLM-86A4E5B9,BCH-2026059,2026-05-05,Structural,1228.59,0.04,410
CLM-49945EA5,BCH-2026006,2027-07-05,Mechanical,3722.22,0.17,708
CLM-EB9A01D1,BCH-2026093,2025-07-31,Structural,7676.63,-0.96,71
CLM-AAAB85A3,BCH-2026082,2027-01-29,Mechanical,3690.11,0.04,439
CLM-99C3B774,BCH-2026090,2025-08-04,Electrical,1853.59,0.67,170
CLM-6CA062ED,BCH-2026059,2026-08-21,Sensor,4402.69,-0.06,518
CLM-80673D82,BCH-2026013,2025-09-10,Sensor,3950.6,0.46,50
CLM-DB8BD996,BCH-2026035,2026-12-20,Structural,1874.73,0.71,492
